time_start,backward,forward,added,removed,total,new_sites,pct_change
-3000,27,38,11,NA,38,11,40.74074074074074
-2550,36,36,NA,2,36,-2,-5.263157894736842
-2350,28,28,NA,8,28,-8,-22.22222222222222
-1200,10,22,12,18,22,-6,-21.428571428571427
50,14,27,13,8,27,5,22.727272727272727
